timestamp_utc,city,date,entry_mode,bucket,adjacent_bucket,model_probability,market_price,edge_pct,confidence,size_pct,size_usd,bankroll,sigma,metar_rising,max_so_far,deb_prediction,mu,top1_prob,top2_prob,hours_to_peak,market_slug,market_question,liquidity,volume,reasoning,risk_factors,actual_high,settlement_bucket,trade_won,pnl_usd
2026-04-15T21:03:32.366121+00:00,Dallas,2026-04-15,golden_hour,81,,0.766,0.95,-18.4,high,2.0,20.0,1000.0,0.42,True,,,,0.766,0.883,1.9499999999999993,highest-temperature-in-dallas-on-april-15-2026-82forhigher,Will the highest temperature in Dallas be 82°F or higher on April 15?,360.81033,15992.807530000033,"METAR shows steady warming from 75.9°F at noon to 79.0°F now, with hourly forecast predicting peak at 80.1°F this hour. Model has 76.6% confidence on 81°F bucket with tight sigma of 0.42. Current temp is only 2°F from target.","[""Market appears to have inverted pricing showing 82\u00b0F+ at higher price than 81\u00b0F"", ""Peak window timing suggests we may be at or very near daily maximum""]",,,,
2026-04-15T21:03:32.366556+00:00,Atlanta,2026-04-15,post_peak,84,,0.778,0.3,47.8,high,4.0,40.0,1000.0,0.5550000000000004,True,,,,0.778,1.0,-0.05000000000000071,highest-temperature-in-atlanta-on-april-15-2026-82-83f,Will the highest temperature in Atlanta be between 82-83°F on April 15?,46545.76805,22286.97014000001,"Max so far is 84.0°F from 16:00 METAR, which puts us in the 84° bucket. Model has 77.8% on this bucket with tight sigma (0.55). Current temp at 82.9° confirms cooling phase has begun, making 84.0° likely the daily peak.","[""Market scan shows different focus bucket (86\u00b0)"", ""No direct bucket pricing available""]",,,,
2026-04-17T09:57:51.981082+00:00,Istanbul,2026-04-17,golden_hour,12,11,0.762,0.54,22.2,high,2.5,25.0,1000.0,1.0,True,11.0,11.7,11.7,0.416,0.762,1.083333333333334,highest-temperature-in-istanbul-on-april-17-2026-11c,Will the highest temperature in Istanbul be 11°C on April 17?,987.54896,5685.8939770000015,Model predicts 11.7°C peak with combined 76.2% probability on adjacent 11-12° buckets. METAR shows steady warming from 10° to 11° with hourly forecast indicating peak at 11.7° around 14:00-17:00. Market pricing 12° bucket at 54% when model gives 76% combined probability on 11-12° range.,"[""High humidity 82% could suppress temperatures"", ""North wind dominance may limit heating""]",,,,
2026-04-17T09:57:51.982991+00:00,Chongqing,2026-04-17,post_peak,27,,0.747,0.01,73.7,high,4.0,40.0,1000.0,0.3,True,27.0,25.1,27.3,0.747,1.0,-0.9333333333333336,highest-temperature-in-chongqing-on-april-17-2026-28c,Will the highest temperature in Chongqing be 28°C on April 17?,1031.1945,9694.216973999997,Clear post-peak scenario with max_so_far = 27.0°C and temps flat for 3 hours (15:00-17:00). Model shows 74.7% for 27° bucket while market prices it at only 1%. Hourly forecast shows cooling trend beginning.,"[""Market liquidity at $1031 is marginal"", ""Observation age of 56 minutes creates slight settlement uncertainty""]",,,,
2026-04-17T09:57:51.983846+00:00,Chengdu,2026-04-17,post_peak,29,,0.675,0.0005,67.45,high,4.0,40.0,1000.0,0.41999999999999954,True,29.0,26.1,29.3,0.675,1.0,-0.9333333333333336,highest-temperature-in-chengdu-on-april-17-2026-27c,Will the highest temperature in Chengdu be 27°C on April 17?,56042.5535,26837.433759000032,"Post-peak capture scenario: max_so_far is 29.0°C at 16:00, settling in the 29° bucket. METAR sequence shows clear peak at 16:00 (29°) with current temp dropping to 28° and hourly forecast confirming cooling trend. Market is severely mispricing at 0.05% when settlement is nearly certain.","[""Market liquidity appears inconsistent"", ""Small possibility of late-day temperature spike""]",,,,
2026-04-17T11:25:40.216215+00:00,Munich,2026-04-17,golden_hour,19,20,0.737,0.25,48.7,high,2.5,25.0,1000.0,1.475,True,19.0,19.2,19.2,0.393,0.737,2.616666666666667,highest-temperature-in-munich-on-april-17-2026-18c,Will the highest temperature in Munich be 18°C on April 17?,1537.26943,8217.892149999994,"Perfect golden hour setup: METAR rising monotonically from 18°C to 19°C in last hour, sigma at 1.475, and model forecasts peak at 19.2°C at 17:00. Combined top-2 buckets (19° + 20°) have 73.7% probability but market pricing them at ~91% total (66% + 25%), creating massive edge on individual buckets.","[""Airport station 28.5km away with cooling risk"", ""Sigma slightly above ideal 1.5 threshold""]",,,,
2026-04-17T11:25:40.217877+00:00,London,2026-04-17,golden_hour,18,17,0.694,0.64,5.4,medium,2.0,20.0,1000.0,1.0,True,16.0,17.6,17.6,0.363,0.694,2.616666666666667,highest-temperature-in-london-on-april-17-2026-16c,Will the highest temperature in London be 16°C on April 17?,2686.51998,16783.20201799999,"METAR shows steady warming from 15°C at 11:00 to 16°C at 12:00, with hourly forecast predicting continued rise to 17.6°C peak at 15:00. Combined top-2 adjacent buckets (17° and 18°) have 69.4% model probability vs ~87% market pricing, offering modest edge.","[""sigma=1.0 at threshold"", ""market already pricing high probability"", ""Thames microclimate risk noted""]",,,,
2026-04-17T11:25:40.218552+00:00,Paris,2026-04-17,golden_hour,20,19,0.585,0.13,45.5,high,2.5,25.0,1000.0,1.4000000000000004,True,19.0,20.0,20.0,0.328,0.585,2.616666666666667,highest-temperature-in-paris-on-april-17-2026-22c,Will the highest temperature in Paris be 22°C on April 17?,675.5728,17689.444573,"METAR shows steady warming from 9°C at 07:00 to 19°C at 13:00, gaining 10°C in 6 hours with clear acceleration. Hourly forecast predicts peak at 20°C around 15:00, matching model's top bucket. Combined top-2 buckets (19°+20°) at 58.5% vs market pricing 20° at only 13% creates massive 45% edge.","[""Urban heat island effect could push temps higher than airport reading"", ""Peak window is 2-3 hours away with potential for overshooting""]",,,,
2026-04-17T11:25:40.218942+00:00,Jeddah,2026-04-17,post_peak,42,,0.399,0.01,38.9,high,4.0,40.0,1000.0,0.8850000000000003,True,41,39.7,41.3,0.501,0.9,-1.4000000000000004,highest-temperature-in-jeddah-on-april-17-2026-41c,Will the highest temperature in Jeddah be 41°C on April 17?,3949.41862,10494.233634,"Max so far is 41°C from 12:00, and temperatures have declined since then (40°C at 14:00, 39°C at 13:00-13:10). The hourly forecast shows continued cooling through evening. However, the settlement source is Wunderground which shows anchor settlement at 42°C bucket, and market is severely mispricing 42°C bucket at only 1% when model gives it 39.9%.","[""Settlement discrepancy between METAR max (41\u00b0C) and Wunderground anchor (42\u00b0C)"", ""BLDU weather phenomenon may affect temperature readings""]",,,,
2026-04-17T11:25:40.219341+00:00,Istanbul,2026-04-17,post_peak,11,,0.362,0.24,12.2,medium,2.5,25.0,1000.0,0.7,True,11.0,11.7,11.7,0.511,0.873,-0.38333333333333286,highest-temperature-in-istanbul-on-april-17-2026-11c,Will the highest temperature in Istanbul be 11°C on April 17?,236.49462,7817.9541970000055,"Max so far is 11°C and METAR has been flat at 11°C for 4+ hours with no sign of further warming. Model predicts only 0.7°C potential rise to 11.7°C peak, making 11°C bucket settlement very likely. Market pricing 11°C at 24% vs model 36.2% creates solid edge.","[""High humidity at 82% could suppress further warming"", ""Network leader at 17.1\u00b0C creates uncertainty about local measurement""]",,,,
2026-04-17T11:25:40.219627+00:00,Tel Aviv,2026-04-17,post_peak,33,,1.0,0.997,0.3,high,4.0,40.0,1000.0,0.3,False,33.0,34.1,33.0,1.0,1.0,-0.38333333333333286,highest-temperature-in-tel-aviv-on-april-17-2026-33c,Will the highest temperature in Tel Aviv be 33°C on April 17?,5731.43287,17893.974803000005,Clear post-peak scenario with max_so_far of 33.0°C matching the 33° bucket exactly. Temperature has fallen 7°C from peak and hourly forecast shows continued cooling. Market is still pricing 0.3% uncertainty despite outcome being locked in.,"[""Very small edge"", ""High market price already""]",,,,
2026-04-17T11:30:01.258333+00:00,Munich,2026-04-17,golden_hour,19,20,0.737,0.25,48.7,high,2.5,25.0,1000.0,1.475,True,19.0,19.2,19.2,0.393,0.737,2.533333333333333,highest-temperature-in-munich-on-april-17-2026-18c,Will the highest temperature in Munich be 18°C on April 17?,1537.26943,8217.892149999994,"Perfect golden hour setup: METAR shows steady warming from 18°C to 19°C in last hour, sigma is 1.475, and model forecasts peak at 17:00 with 19.2°C. Combined top-2 adjacent buckets (19° + 20°) have 73.7% probability but market pricing them at only ~25%. Current temp at 19°C already matches the primary bucket.","[""Airport distance risk (28.5km)"", ""Sigma slightly above 1.5 threshold""]",,,,
2026-04-17T11:30:01.259731+00:00,London,2026-04-17,golden_hour,18,17,0.694,0.83,-13.6,low,0,0.0,1000.0,1.0,True,16.0,17.6,17.6,0.363,0.694,2.533333333333333,highest-temperature-in-london-on-april-17-2026-16c,Will the highest temperature in London be 16°C on April 17?,2667.646,16800.662017999988,"METAR shows steady warming from 11°C to 16°C with peak forecast at 17.6°C in 3 hours, but market is already pricing top-2 buckets at 83% combined vs model's 69.4%. Negative edge despite good warming trend.","[""negative_edge"", ""market_already_efficient"", ""sigma_acceptable_but_no_value""]",,,,
2026-04-17T11:30:01.260014+00:00,Paris,2026-04-17,golden_hour,20,19,0.585,0.1,48.5,high,2.5,25.0,1000.0,1.4000000000000004,True,19.0,20.0,20.0,0.328,0.585,2.533333333333333,highest-temperature-in-paris-on-april-17-2026-22c,Will the highest temperature in Paris be 22°C on April 17?,498.2682,17920.684573,"METAR shows steady warming from 11°C at 7:30 to 19°C now (+1.1°C/hour rate), with forecast peak at 20°C in 2 hours. Combined 19-20° buckets at 58.5% vs market pricing 20° at only 10% creates massive 48.5% edge.","[""Urban heat island could push settlement to 21\u00b0C bucket"", ""Model sigma at 1.4 shows some uncertainty""]",,,,
2026-04-17T11:30:01.260214+00:00,Jeddah,2026-04-17,post_peak,41,,0.501,0.9945,-49.4,high,4.0,40.0,1000.0,0.8850000000000003,True,41,39.7,41.3,0.501,0.9,-1.4833333333333325,highest-temperature-in-jeddah-on-april-17-2026-41c,Will the highest temperature in Jeddah be 41°C on April 17?,3949.41862,10494.233634,"Max so far is 41°C reached at 12:00, and hourly forecast shows cooling trend ahead with temps dropping to 36.4°C by 14:00-15:00. The 41°C bucket should settle as the winner, but market is massively overpriced at 99.45%.","[""Market liquidity concentrated in wrong direction"", ""BLDU weather phenomena could affect final settlement reading""]",,,,
2026-04-17T11:30:01.260403+00:00,Istanbul,2026-04-17,post_peak,12,,0.557,0.84,-28.3,low,0,0.0,1000.0,0.7,True,12.0,11.7,12.3,0.557,0.9520000000000001,-0.4666666666666668,highest-temperature-in-istanbul-on-april-17-2026-11c,Will the highest temperature in Istanbul be 11°C on April 17?,236.49462,7817.9541970000055,"Max so far is 12.0°C and temperature has been flat at 11°C for hours with forecast showing only minor warming to 11.7°C peak. However, market is pricing 12°C bucket at 84% which is severely overpriced versus model's 55.7%.","[""Negative edge of 28%"", ""Market severely overpricing outcome"", ""NOAA settlement uncertainty""]",,,,
2026-04-17T11:30:01.260576+00:00,Tel Aviv,2026-04-17,post_peak,33,,1.0,0.9975,0.25,high,4.0,40.0,1000.0,0.3,False,33.0,34.1,33.0,1.0,1.0,-0.4666666666666668,highest-temperature-in-tel-aviv-on-april-17-2026-33c,Will the highest temperature in Tel Aviv be 33°C on April 17?,5715.80784,17893.974803000005,Peak was clearly reached at 33°C at 10:00-10:20. Temperature has fallen 7°C since then to 26°C with DU (dust) suppressing further warming. Hourly forecast shows continued cooling. Max_so_far of 33°C is the settlement value.,"[""Very small edge at 0.25%"", ""Market already highly certain""]",,,,
2026-04-17T11:32:27.396375+00:00,Munich,2026-04-17,golden_hour,19,20,0.737,0.89,-15.3,medium,0,0.0,1000.0,1.475,True,19.0,19.2,19.2,0.393,0.737,2.4833333333333325,highest-temperature-in-munich-on-april-17-2026-18c,Will the highest temperature in Munich be 18°C on April 17?,11916.95065,9256.170149999994,"METAR shows strong monotonic warming (+8°C in 6 hours) and current 19°C exactly matches model's top bucket center. Peak forecast at 17:00 suggests 3-4 hours remaining. However, market is pricing the combined 19°+20° buckets at ~89% which exceeds model probability of 73.7%.","[""negative edge"", ""airport location risk"", ""market already pricing warming trajectory""]",,,,
2026-04-17T11:32:27.397788+00:00,London,2026-04-17,golden_hour,18,17,0.694,0.83,13.6,high,2.5,25.0,1000.0,1.0,True,16.0,17.6,17.6,0.363,0.694,2.5,highest-temperature-in-london-on-april-17-2026-16c,Will the highest temperature in London be 16°C on April 17?,2667.646,16800.662017999988,Strong golden hour setup with METAR rising monotonically (12→16°C over 12h) and model predicting 17.6°C peak at 15:00. Combined 18+17 bucket probability of 69.4% vs market pricing of ~83% offers solid edge. Sigma=1.0 is tight and warming rate supports continued rise.,"[""Thames microclimate effects"", ""Peak timing uncertainty""]",,,,
2026-04-17T11:32:27.398552+00:00,Paris,2026-04-17,golden_hour,20,19,0.585,0.41,17.5,medium,2.0,20.0,1000.0,1.4000000000000004,True,19.0,20.0,20.0,0.328,0.585,2.5,highest-temperature-in-paris-on-april-17-2026-22c,Will the highest temperature in Paris be 22°C on April 17?,498.2682,17920.684573,"METAR shows steady warming from 17°C at 11:00 to 19°C at 13:00, with hourly forecast predicting peak at 20°C around 15:00. Combined top-2 adjacent buckets (19° + 20°) give 58.5% model probability vs estimated market price of ~41%, creating +17.5% edge.","[""sigma at 1.4 is close to threshold"", ""urban heat island could push slightly higher than airport readings""]",,,,
2026-04-17T11:32:27.399216+00:00,Jeddah,2026-04-17,post_peak,41,,0.501,0.9935,-49.3,high,4.0,40.0,1000.0,0.8850000000000003,True,41,39.7,41.3,0.501,0.9,-1.5166666666666675,highest-temperature-in-jeddah-on-april-17-2026-41c,Will the highest temperature in Jeddah be 41°C on April 17?,3949.41862,10494.233634,"Max so far is 41°C reached at 12:00, and current temps are falling (40°C at 14:00 vs 41°C peak). Hourly forecast shows continued cooling through evening. This is classic post-peak capture where settlement is nearly certain.","[""Market already pricing 41\u00b0C at 99.35%, very little edge remaining"", ""BLDU weather phenomena may affect measurement accuracy""]",,,,
2026-04-17T11:32:27.400144+00:00,Istanbul,2026-04-17,post_peak,12,,0.557,0.81,-25.3,low,0,0.0,1000.0,0.7,True,12.0,11.7,12.3,0.557,0.9520000000000001,-0.5,highest-temperature-in-istanbul-on-april-17-2026-11c,Will the highest temperature in Istanbul be 11°C on April 17?,2330.74699,10470.885623000007,"Current max_so_far is 12.0°C with METAR stagnant at 11°C for hours, suggesting peak reached. However, market is pricing 12° bucket at 81%, creating negative edge despite post-peak timing.","[""Negative edge of -25.3%"", ""Market already pricing outcome efficiently"", ""Hourly forecast shows potential slight warming to 11.7\u00b0C""]",,,,
2026-04-17T11:32:27.400886+00:00,Tel Aviv,2026-04-17,post_peak,33,,1.0,0.998,0.2,high,4.0,40.0,1000.0,0.3,False,33.0,34.1,33.0,1.0,1.0,-0.5,highest-temperature-in-tel-aviv-on-april-17-2026-33c,Will the highest temperature in Tel Aviv be 33°C on April 17?,5715.80784,17893.974803000005,"Clear post-peak scenario with max_so_far at 33.0°C matching the 33° bucket. METAR shows steady cooling from 33° peak at 10:00-10:20, now down to 26°. Forecast confirms continued cooling with no rebound potential.","[""very small edge at 0.2%"", ""market already highly efficient at 99.8%""]",,,,
2026-04-17T11:34:48.850432+00:00,Munich,2026-04-17,golden_hour,19,20,0.737,0.24,49.7,high,2.5,25.0,1000.0,1.475,True,19.0,19.2,19.2,0.393,0.737,2.4499999999999993,highest-temperature-in-munich-on-april-17-2026-18c,Will the highest temperature in Munich be 18°C on April 17?,11916.95065,9256.170149999994,"METAR shows strong monotonic warming from 18°C to 19°C in last hour, model predicts peak at 17:00 with 19.2°C target. Combined 19°+20° buckets at 73.7% vs market pricing ~24% creates massive 49.7% edge.","[""airport_distance_28km"", ""sigma_1.475_slightly_elevated""]",,,,
2026-04-17T11:34:48.851319+00:00,London,2026-04-17,golden_hour,18,17,0.363,0.59,-22.7,low,0,0.0,1000.0,1.0,True,16.0,17.6,17.6,0.363,0.694,2.4499999999999993,highest-temperature-in-london-on-april-17-2026-16c,Will the highest temperature in London be 16°C on April 17?,2667.646,16800.662017999988,"METAR shows steady warming from 11°C to 16°C over 12 hours with hourly forecast predicting peak at 17.6°C around 15:00. However, market is pricing 18° bucket at 59% while model only gives 36.3%, creating negative edge.","[""negative_edge"", ""market_overpricing_top_bucket"", ""sigma_at_1.0_borderline""]",,,,
2026-04-17T11:34:48.851707+00:00,Paris,2026-04-17,golden_hour,20,19,0.585,0.43,15.5,medium,2.0,20.0,1000.0,1.4000000000000004,True,19.0,20.0,20.0,0.328,0.585,2.4499999999999993,highest-temperature-in-paris-on-april-17-2026-22c,Will the highest temperature in Paris be 22°C on April 17?,498.2682,17920.684573,"METAR shows steady warming from 17°C at 11:00 to 19°C at 13:00, on track toward model's 20°C peak at 15:00. Combined top-2 adjacent buckets (19°C + 20°C) give 58.5% coverage with sigma at 1.4. Current temp 19°C already in second bucket with peak 2 hours away.","[""Urban heat island effect could push settlement higher"", ""Market pricing appears confused with 22\u00b0C bucket at 52% despite model showing 12% probability""]",,,,
2026-04-17T11:34:48.852030+00:00,Jeddah,2026-04-17,post_peak,41,,0.501,0.9935,-49.34,high,4.0,40.0,1000.0,0.8850000000000003,True,41,39.7,41.3,0.501,0.9,-1.5500000000000007,highest-temperature-in-jeddah-on-april-17-2026-41c,Will the highest temperature in Jeddah be 41°C on April 17?,3893.40405,10511.233634,"Max so far is 41°C reached at 12:00, and current temp has cooled to 40°C with hourly forecast showing further cooling. This is classic post-peak capture scenario with 66% historical accuracy.","[""Market already pricing 41\u00b0 at 99.35%, indicating other traders may have same information"", ""BLDU weather phenomena could affect measurement accuracy""]",,,,
2026-04-17T11:34:48.852338+00:00,Istanbul,2026-04-17,post_peak,12,,0.557,0.82,-26.3,low,0,0.0,1000.0,0.7,True,12.0,11.7,12.3,0.557,0.9520000000000001,-0.5333333333333332,highest-temperature-in-istanbul-on-april-17-2026-11c,Will the highest temperature in Istanbul be 11°C on April 17?,2330.74699,10470.885623000007,"Current max_so_far is 12°C which should be the settlement value. However, market is already pricing 12° bucket at 82% which is significantly higher than model probability of 55.7%, creating negative edge.","[""negative_edge"", ""market_already_efficient"", ""hourly_forecast_shows_potential_for_higher""]",,,,
2026-04-17T11:34:48.852630+00:00,Tel Aviv,2026-04-17,post_peak,33,,1.0,0.998,0.2,high,4.0,40.0,1000.0,0.3,False,33.0,34.1,33.0,1.0,1.0,-0.5500000000000007,highest-temperature-in-tel-aviv-on-april-17-2026-33c,Will the highest temperature in Tel Aviv be 33°C on April 17?,5715.80784,17893.974803000005,"Max temp of 33.0°C was recorded at 10:00-10:20 and temperatures have been falling consistently since then. Current temp is 26°C, down 7°C from peak, with forecast showing continued cooling. The settlement value is locked at 33°C.","[""Very small edge of only 0.2%"", ""Market already highly confident at 99.8%""]",,,,
2026-04-17T11:37:10.296819+00:00,Munich,2026-04-17,golden_hour,19,20,0.737,0.24,49.7,high,2.5,25.0,1000.0,1.475,True,19.0,19.2,19.2,0.393,0.737,2.416666666666666,highest-temperature-in-munich-on-april-17-2026-18c,Will the highest temperature in Munich be 18°C on April 17?,65603.31043,9387.990149999996,"Perfect golden hour setup: METAR rising monotonically from 18°C at 13:00 to 19°C at 13:20, model predicts peak at 17:00 with 19.2°C, sigma tight at 1.475. Combined top-2 adjacent buckets (19° + 20°) have 73.7% probability vs market pricing only 24% on 19° bucket.","[""Airport distance 28.5km creates settlement risk"", ""Sigma at 1.475 near threshold""]",,,,
2026-04-17T11:37:10.298160+00:00,London,2026-04-17,golden_hour,18,17,0.694,0.58,11.4,medium,2.0,20.0,1000.0,1.0,True,16.0,17.6,17.6,0.363,0.694,2.416666666666666,highest-temperature-in-london-on-april-17-2026-16c,Will the highest temperature in London be 16°C on April 17?,2945.5249,16815.13201799999,"METAR shows steady warming from 12°C to 16°C over past 12 hours, with hourly forecast predicting peak of 17.6°C at 15:00. Combined top-2 adjacent buckets (17° + 18°) have 69.4% probability vs market pricing of ~91% total, suggesting modest edge on the spread.","[""sigma=1.0 approaching caution threshold"", ""cloud thickening could cap warming""]",,,,
2026-04-17T11:37:10.299379+00:00,Paris,2026-04-17,golden_hour,20,19,0.585,0.43,15.5,medium,2.0,20.0,1000.0,1.4000000000000004,True,19.0,20.0,20.0,0.328,0.585,2.416666666666666,highest-temperature-in-paris-on-april-17-2026-22c,Will the highest temperature in Paris be 22°C on April 17?,526.6663,18108.667741999998,"METAR shows steady warming from 18° to 19° over last hour, model predicts 20° peak at 15:00 with sigma 1.4. Combined top-2 adjacent buckets (19°+20°) at 58.5% vs estimated market ~43%. Nearby stations show network lead of 1°C with Orly at 20°.","[""Temperature has plateaued at 19\u00b0 for 90 minutes"", ""Peak window still 2-3 hours away""]",,,,
2026-04-17T11:37:10.300322+00:00,Jeddah,2026-04-17,post_peak,41,,0.501,0.9935,-49.34,high,4.0,40.0,1000.0,0.8850000000000003,True,41,39.7,41.3,0.501,0.9,-1.5999999999999996,highest-temperature-in-jeddah-on-april-17-2026-41c,Will the highest temperature in Jeddah be 41°C on April 17?,3893.40405,10511.233634,"Max so far is 41°C at 12:00, and temps are now falling (40°C at 14:00, forecast shows continued cooling). The market is massively overpricing 41°C bucket at 99.35% when the actual settlement value is clearly 41°C. This is a post-peak value capture opportunity.","[""Market liquidity concentrated in wrong bucket"", ""Dust storm (BLDU) could affect measurement accuracy""]",,,,
2026-04-17T11:37:10.301139+00:00,Istanbul,2026-04-17,post_peak,12,,0.557,0.84,-28.3,low,0,0.0,1000.0,0.7,True,12.0,11.7,12.3,0.557,0.9520000000000001,-0.5833333333333339,highest-temperature-in-istanbul-on-april-17-2026-11c,Will the highest temperature in Istanbul be 11°C on April 17?,41776.88972,11172.615623000007,"Max so far is 12.0°C and current temp is 12.0°C, suggesting peak may be reached. However, the market is pricing 12°C bucket at 84% while model shows 55.7%, indicating negative edge.","[""Negative edge of -28.3%"", ""Temperature could still rise slightly to 11.7\u00b0C in next few hours"", ""Market already heavily favors this outcome""]",,,,
2026-04-17T11:37:10.301880+00:00,Tel Aviv,2026-04-17,post_peak,33,,1.0,0.9975,0.25,high,5.0,50.0,1000.0,0.3,False,33.0,34.1,33.0,1.0,1.0,-0.5833333333333339,highest-temperature-in-tel-aviv-on-april-17-2026-33c,Will the highest temperature in Tel Aviv be 33°C on April 17?,7730.58784,17893.974803000005,"Clear post-peak scenario with max_so_far of 33.0°C reached at 10:00-10:20. METAR shows consistent cooling since then (-8°C decline), hourly forecasts show continued cooling, and dust storms are suppressing any reheating. The 33° bucket is virtually certain to settle.","[""minimal_edge_only_0.25pct"", ""high_market_price_997basis""]",,,,
2026-04-17T11:39:38.366199+00:00,Munich,2026-04-17,golden_hour,19,20,0.737,0.25,48.7,high,2.5,25.0,1000.0,1.475,True,19.0,19.2,19.2,0.393,0.737,2.366666666666667,highest-temperature-in-munich-on-april-17-2026-18c,Will the highest temperature in Munich be 18°C on April 17?,65603.31043,9387.990149999996,"Perfect golden hour setup: METAR shows steady warming from 18° to 19° over past hour, model predicts peak at 19.2° in 4 hours, and combined 19°+20° buckets have 73.7% probability. Market severely underpricing at 25% vs model's 39.3% for 19° bucket alone.","[""Airport station 28km away may have different microclimate"", ""Sigma at 1.475 is near threshold but acceptable""]",,,,
2026-04-17T11:39:38.366661+00:00,Jeddah,2026-04-17,post_peak,41,,0.501,0.9935,-49.35,high,4.0,40.0,1000.0,0.8850000000000003,True,41,39.7,41.3,0.501,0.9,-1.6333333333333329,highest-temperature-in-jeddah-on-april-17-2026-41c,Will the highest temperature in Jeddah be 41°C on April 17?,3924.69369,10517.257728,"Max so far is 41°C at 12:00, and hourly forecast shows temperatures declining from current 40°C to 36.4°C next hour. This is classic post-peak capture - the daily high has been reached. Market is massively overpricing 41°C bucket at 99.35% when settlement appears certain.","[""BLDU weather phenomenon could affect temperature readings"", ""Single station risk at King Abdulaziz airport""]",,,,
2026-04-17T11:39:38.366976+00:00,Istanbul,2026-04-17,post_peak,12,,0.557,0.84,-28.3,low,0,0.0,1000.0,0.7,True,12.0,11.7,12.3,0.557,0.9520000000000001,-0.6166666666666671,highest-temperature-in-istanbul-on-april-17-2026-11c,Will the highest temperature in Istanbul be 11°C on April 17?,41776.88972,11172.615623000007,"Current max_so_far is 12°C which should be settlement value in post-peak mode, but market is pricing 12°C bucket at 84% while model only gives it 55.7%. This is negative edge.","[""Negative edge of -28.3%"", ""Market pricing higher than model probability"", ""Still in peak window with potential for further warming""]",,,,
2026-04-17T11:39:38.367148+00:00,Tel Aviv,2026-04-17,post_peak,33,,1.0,0.997,0.3,high,4.0,40.0,1000.0,0.3,False,33.0,34.1,33.0,1.0,1.0,-0.6333333333333329,highest-temperature-in-tel-aviv-on-april-17-2026-33c,Will the highest temperature in Tel Aviv be 33°C on April 17?,7730.58784,17893.974803000005,"Max so far is 33.0°C reached at 10:00-10:20, and temps have been falling steadily for 4+ hours to 25°C. Peak window is past and cooling trend confirms daily high is locked. Market at 99.7% still leaves small edge.","[""Very small edge"", ""High market price reduces profit potential""]",,,,
2026-04-17T11:42:00.482050+00:00,Munich,2026-04-17,golden_hour,19,20,0.737,0.25,48.7,high,2.5,25.0,1000.0,1.475,True,19.0,19.2,19.2,0.393,0.737,2.333333333333334,highest-temperature-in-munich-on-april-17-2026-18c,Will the highest temperature in Munich be 18°C on April 17?,65147.00371,9817.250149999996,"Strong golden hour setup with METAR rising monotonically from 18°C to 19°C in last hour, sigma at 1.475 is acceptable, and hourly forecast shows peak at 17:00 reaching 19.2°C. Combined top-2 adjacent buckets (19°+20°) have 73.7% model probability vs market pricing around 25-55%, providing massive edge.","[""Airport distance 28.5km creates settlement risk"", ""Sigma at 1.475 near upper threshold""]",,,,
2026-04-17T11:42:00.482448+00:00,London,2026-04-17,golden_hour,18,17,0.694,0.59,10.4,medium,2.0,20.0,1000.0,1.0,True,16.0,17.6,17.6,0.363,0.694,2.333333333333334,highest-temperature-in-london-on-april-17-2026-16c,Will the highest temperature in London be 16°C on April 17?,2770.58233,16848.93801799999,METAR shows steady warming from 15°C to 16°C over past hour with peak forecast at 15:00 still 3+ hours away. Model predicts 17.6°C with combined 18°+17° buckets at 69.4% vs market pricing 18° at 59%. Hourly forecast shows continued warming to 17.6°C peak.,"[""sigma=1.0 slightly elevated"", ""cloud cover increasing which could cap warming""]",,,,
2026-04-17T11:42:00.482815+00:00,Paris,2026-04-17,golden_hour,20,19,0.585,0.14,44.5,high,2.5,25.0,1000.0,1.4000000000000004,True,19.0,20.0,20.0,0.328,0.585,2.333333333333334,highest-temperature-in-paris-on-april-17-2026-22c,Will the highest temperature in Paris be 22°C on April 17?,611.5253,18144.516796999997,"Strong golden hour setup with METAR showing steady warming from 18°C at 12:00 to 19°C at 13:00, tracking toward model's 20°C prediction. Combined top-2 adjacent buckets (19°-20°) have 58.5% probability while market prices 20° bucket at only 14%, creating massive 44.5% edge.","[""Urban heat island effect could push settlement higher"", ""Temperature has plateaued at 19\u00b0C for last 90 minutes""]",,,,
2026-04-17T11:42:00.483113+00:00,Jeddah,2026-04-17,post_peak,41,,0.501,0.994,-49.3,high,4.0,40.0,1000.0,0.8850000000000003,True,41,39.7,41.3,0.501,0.9,-1.6833333333333336,highest-temperature-in-jeddah-on-april-17-2026-41c,Will the highest temperature in Jeddah be 41°C on April 17?,3924.69369,10517.257728,"Max so far is 41°C reached at 12:00, and hourly forecast shows cooling trend ahead with next hours at 36.4°C. Market is mispriced at 99.4% for 41°C bucket when settlement is nearly certain at this value.","[""Market liquidity appears limited based on pricing"", ""BLDU weather phenomenon present""]",,,,
2026-04-17T11:42:00.483496+00:00,Istanbul,2026-04-17,post_peak,12,,0.557,0.84,-28.3,low,0,0.0,1000.0,0.7,True,12.0,11.7,12.3,0.557,0.9520000000000001,-0.6666666666666661,highest-temperature-in-istanbul-on-april-17-2026-11c,Will the highest temperature in Istanbul be 11°C on April 17?,45925.61727,12533.735623000006,"Max so far is 12.0°C which should be settlement value per post-peak strategy, but market is already pricing 12° bucket at 84% which is overpriced vs model's 55.7%. Negative edge makes this unplayable.","[""Market already efficient at 84%"", ""Negative edge of -28%"", ""Temperature could still rise to 13\u00b0 based on hourly forecast showing 11.7\u00b0 at 16:00""]",,,,
2026-04-17T11:42:00.483736+00:00,Tel Aviv,2026-04-17,post_peak,33,,1.0,0.997,0.3,high,4.0,40.0,1000.0,0.3,False,33.0,34.1,33.0,1.0,1.0,-0.6666666666666661,highest-temperature-in-tel-aviv-on-april-17-2026-33c,Will the highest temperature in Tel Aviv be 33°C on April 17?,7730.4808,18015.994803000005,"Max so far is 33.0°C reached at 10:00-10:20, and temps have been falling consistently since then (now at 25°C). The peak is clearly past and 33°C bucket should settle YES with near certainty.","[""Very small edge due to market already pricing near certainty"", ""DU weather phenomenon present""]",,,,
2026-04-17T11:44:22.894478+00:00,Munich,2026-04-17,golden_hour,19,20,0.737,0.83,-9.3,low,0,0.0,1000.0,1.475,True,19.0,19.2,19.2,0.393,0.737,2.3000000000000007,highest-temperature-in-munich-on-april-17-2026-18c,Will the highest temperature in Munich be 18°C on April 17?,65147.00371,9817.250149999996,"METAR shows perfect warming trend from 6°C to 19°C with peak forecast at 17:00 still 3.7h away. However, combined top-2 buckets (19°+20°) at 73.7% model probability vs 83% market price shows negative edge.","[""negative_edge"", ""high_market_price"", ""airport_distance_risk""]",,,,
2026-04-17T11:44:22.895633+00:00,London,2026-04-17,golden_hour,18,17,0.694,0.64,5.4,medium,1.5,15.0,1000.0,1.0,True,16.0,17.6,17.6,0.363,0.694,2.3000000000000007,highest-temperature-in-london-on-april-17-2026-16c,Will the highest temperature in London be 16°C on April 17?,2770.58233,16848.93801799999,"METAR shows steady warming from 11°C to 16°C over 12 hours with current stagnation at 16°C since 11:00. Model predicts peak at 15:00 with 17.6°C, putting combined 17-18° bucket probability at 69.4%. Hourly forecast shows continued warming to 17.6°C peak, matching model expectation.","[""Current temperature stagnation at 16\u00b0C for 2+ hours"", ""Cloud thickening noted in commentary could limit further warming""]",,,,
2026-04-17T11:44:22.896583+00:00,Paris,2026-04-17,golden_hour,20,19,0.585,0.13,45.0,high,2.5,25.0,1000.0,1.4000000000000004,True,19.0,20.0,20.0,0.328,0.585,2.3000000000000007,highest-temperature-in-paris-on-april-17-2026-22c,Will the highest temperature in Paris be 22°C on April 17?,611.5253,18144.516796999997,"METAR shows steady warming from 18°C at noon to 19°C currently, tracking toward model's 20°C prediction. Nearby stations already at 20°C (Orly/Le Bourget) confirm warming potential. Market severely underpricing at 13% vs 58.5% combined model probability for 19-20°C buckets.","[""urban_heat_island_uncertainty"", ""peak_timing_risk""]",,,,
2026-04-17T11:44:22.897235+00:00,Jeddah,2026-04-17,post_peak,41,,0.501,0.994,-49.3,high,4.0,40.0,1000.0,0.8850000000000003,True,41,39.7,41.3,0.501,0.9,-1.7166666666666668,highest-temperature-in-jeddah-on-april-17-2026-41c,Will the highest temperature in Jeddah be 41°C on April 17?,3772.12369,10517.257728,"Max so far is 41°C reached at 12:00, and subsequent readings show cooling trend (41→39→40). The hourly forecast shows continued cooling with no indication of exceeding 41°C. Market is severely overpricing 41° bucket at 99.4% when outcome is virtually certain.","[""Market liquidity concentrated in wrong bucket"", ""Dust storm (BLDU) may affect measurement accuracy""]",,,,
2026-04-17T11:44:22.897818+00:00,Istanbul,2026-04-17,post_peak,12,,0.557,0.85,-29.3,low,0,0.0,1000.0,0.7,True,12.0,11.7,12.3,0.557,0.9520000000000001,-0.6999999999999993,highest-temperature-in-istanbul-on-april-17-2026-11c,Will the highest temperature in Istanbul be 11°C on April 17?,45925.61727,12533.735623000006,"Max so far is 12°C at 14:20 and temp appears to be plateauing/declining based on METAR sequence. However, market is pricing 12° bucket at 85%, creating negative edge despite post-peak timing.","[""Negative edge of -29.3%"", ""Market already pricing outcome efficiently"", ""Still in peak window with potential for 13\u00b0 reach""]",,,,
2026-04-17T11:44:22.898147+00:00,Tel Aviv,2026-04-17,post_peak,33,,1.0,0.9965,0.35,high,4.0,40.0,1000.0,0.3,False,33.0,34.1,33.0,1.0,1.0,-0.6999999999999993,highest-temperature-in-tel-aviv-on-april-17-2026-33c,Will the highest temperature in Tel Aviv be 33°C on April 17?,7730.4808,18015.994803000005,"Max_so_far is 33.0°C reached at 10:00-10:20, and temperatures have been steadily falling for 4+ hours (now at 25°C). Peak window is clearly past, and the 33° bucket captures the settlement value with 100% model confidence.","[""very_small_edge"", ""high_market_price""]",,,,
2026-04-17T11:46:48.635574+00:00,Munich,2026-04-17,golden_hour,19,20,0.737,0.24,49.7,high,2.5,25.0,1000.0,1.475,True,19.0,19.2,19.2,0.393,0.737,2.25,highest-temperature-in-munich-on-april-17-2026-18c,Will the highest temperature in Munich be 18°C on April 17?,79933.92781,9817.250149999996,"Perfect golden hour setup: METAR shows steady +1°C/hour warming (17→18→19), sigma is tight at 1.475, and current temp 19°C aligns perfectly with model prediction. Combined top-2 buckets (19°+20°) have 73.7% probability but market prices only 24%+58%=82%, creating massive 49.7% edge on primary 19° bucket.","[""Airport distance 28.5km creates settlement risk"", ""Peak window at 17:00 gives 3.7 hours for potential overshoot""]",,,,
2026-04-17T11:46:48.637749+00:00,London,2026-04-17,golden_hour,18,17,0.694,0.65,4.4,medium,1.5,15.0,1000.0,1.0,True,16.0,17.6,17.6,0.363,0.694,2.2666666666666675,highest-temperature-in-london-on-april-17-2026-17c,Will the highest temperature in London be 17°C on April 17?,774.0759,17038.42839999998,METAR shows steady warming from 11°C to 16°C over past 12 hours with peak forecast at 15:00 (17.6°C). Model predicts 69% chance for top-2 adjacent buckets (17-18°C) vs market pricing 18° at 65%. Hourly forecast shows continued warming to 17.6° at 15:00.,"[""sigma=1.0 near threshold"", ""cloud thickening could suppress peak""]",,,,
2026-04-17T11:46:48.638971+00:00,Paris,2026-04-17,golden_hour,20,19,0.585,0.12,46.5,high,2.5,25.0,1000.0,1.4000000000000004,True,19.0,20.0,20.0,0.328,0.585,2.2666666666666675,highest-temperature-in-paris-on-april-17-2026-22c,Will the highest temperature in Paris be 22°C on April 17?,393.3804,18197.12143999999,"METAR shows steady warming from 18°C at 12:00 to 19°C currently, on track for model's 20°C peak at 15:00. Network lead at Orly shows 20°C already reached. Massive edge with 20°C bucket at only 12% market price vs 32.8% model probability.","[""urban heat island effect"", ""potential early peak at nearby stations""]",,,,
2026-04-17T11:46:48.639695+00:00,Jeddah,2026-04-17,post_peak,42,,0.399,0.01,38.9,high,4.0,40.0,1000.0,0.8850000000000003,True,41,39.7,41.3,0.501,0.9,-1.75,highest-temperature-in-jeddah-on-april-17-2026-41c,Will the highest temperature in Jeddah be 41°C on April 17?,3772.12369,10517.257728,Clear post-peak scenario with max_so_far at 41°C from 12:00. Current temp has dropped to 40°C and hourly forecast shows continued cooling. The 42° bucket (41.5-42.5°C range) contains the observed max of 41°C with 39.9% model probability but market pricing only 1%.,"[""BLDU weather phenomenon may affect measurement accuracy"", ""Settlement based on Wunderground which could differ from METAR""]",,,,
2026-04-17T11:46:48.641227+00:00,Istanbul,2026-04-17,post_peak,12,,0.557,0.89,-33.3,low,0,0.0,1000.0,0.7,True,12.0,11.7,12.3,0.557,0.9520000000000001,-0.7333333333333325,highest-temperature-in-istanbul-on-april-17-2026-11c,Will the highest temperature in Istanbul be 11°C on April 17?,56784.39738,12533.735623000006,"Max so far is 12.0°C and we're in post-peak mode, but the market is pricing 12° bucket at 89% which is significantly higher than model's 55.7%. This creates negative edge despite post-peak timing advantage.","[""negative_edge"", ""market_overpricing"", ""slight_upward_forecast_trend""]",,,,
2026-04-17T11:46:48.642304+00:00,Tel Aviv,2026-04-17,post_peak,33,,1.0,0.9965,0.35,high,4.0,40.0,1000.0,0.3,False,33.0,34.1,33.0,1.0,1.0,-0.75,highest-temperature-in-tel-aviv-on-april-17-2026-33c,Will the highest temperature in Tel Aviv be 33°C on April 17?,7546.28081,18040.999803000006,"Max temperature of 33.0°C was reached at 10:00-10:20 and temps have been falling consistently for 4+ hours. Current temp is 25°C, 8°C below the peak, with forecast showing continued cooling. Settlement is nearly certain at 33°C bucket.","[""Edge is minimal at 0.35%"", ""Market already highly confident at 99.65%""]",,,,
2026-04-17T11:49:05.735404+00:00,Munich,2026-04-17,golden_hour,19,20,0.737,0.81,-7.3,medium,0,0.0,1000.0,1.475,True,19.0,19.2,19.2,0.393,0.737,2.216666666666667,highest-temperature-in-munich-on-april-17-2026-18c,Will the highest temperature in Munich be 18°C on April 17?,79933.92781,9817.250149999996,"METAR shows strong rising trend (+7°C in 4h) with current 19°C matching model prediction. However, market is pricing the top-2 buckets at ~81% combined vs model's 73.7%, creating negative edge.","[""negative_edge"", ""airport_distance_28km"", ""sigma_too_high_1.475""]",,,,
2026-04-17T11:49:05.736234+00:00,Paris,2026-04-17,golden_hour,20,19,0.585,0.13,45.0,high,2.5,25.0,1000.0,1.4000000000000004,True,19.0,20.0,20.0,0.328,0.585,2.216666666666667,highest-temperature-in-paris-on-april-17-2026-22c,Will the highest temperature in Paris be 22°C on April 17?,393.3804,18197.12143999999,"METAR shows steady warming from 18°C to 19°C over last hour, with hourly forecast predicting peak at 20°C around 15:00. Combined top-2 buckets (19° + 20°) have 58.5% probability but market pricing 20° bucket at only 13%, creating massive +45% edge.","[""Urban heat island could push slightly higher"", ""Nearby stations show 1\u00b0C spread""]",,,,
2026-04-17T11:49:05.736695+00:00,London,2026-04-17,golden_hour,18,17,0.694,0.64,5.4,medium,2.0,20.0,1000.0,1.0,True,16.0,17.6,17.6,0.363,0.694,2.216666666666667,highest-temperature-in-london-on-april-17-2026-17c,Will the highest temperature in London be 17°C on April 17?,774.0759,17038.42839999998,"METAR shows steady warming from 11°C to 16°C over past 12 hours, now stagnating at 16°C at 11:58. Model predicts peak at 17.6°C around 15:00, with top-2 adjacent buckets (17° and 18°) combining for 69.4% probability. Hourly forecast shows continued warming to 17.6°C peak.","[""METAR has stagnated at 16\u00b0C for 3 hours"", ""Cloud cover increasing which could cap warming""]",,,,
2026-04-17T11:49:05.737086+00:00,Jeddah,2026-04-17,post_peak,41,,0.501,0.994,-49.3,high,4.0,40.0,1000.0,0.8850000000000003,True,41,39.7,41.3,0.501,0.9,-1.8000000000000007,highest-temperature-in-jeddah-on-april-17-2026-41c,Will the highest temperature in Jeddah be 41°C on April 17?,3766.75357,10522.337728,"Max so far is 41°C at 12:00, and METAR shows temperatures have declined since then (41→39→40). Post-peak strategy applies with high confidence that 41°C bucket will settle. Market is severely mispriced at 99.4% when the actual settlement bucket should be 41°C.","[""Market appears to have wrong settlement bucket priced"", ""BLDU weather phenomenon may affect temperature readings""]",,,,
2026-04-17T11:49:05.737412+00:00,Istanbul,2026-04-17,post_peak,12,,0.557,0.89,-33.3,low,0,0.0,1000.0,0.7,True,12.0,11.7,12.3,0.557,0.9520000000000001,-0.7833333333333332,highest-temperature-in-istanbul-on-april-17-2026-11c,Will the highest temperature in Istanbul be 11°C on April 17?,56784.39738,12533.735623000006,"Max so far is 12°C and we're in post-peak mode, but market is already pricing 12° bucket at 89% which is much higher than model's 55.7%. Despite post-peak capture strategy showing 66% accuracy, the negative edge of -33% makes this unprofitable.","[""Market already efficiently priced"", ""Negative expected value"", ""Temperature may still rise slightly to 11.7\u00b0C per hourly forecast""]",,,,
2026-04-17T11:49:05.737925+00:00,Tel Aviv,2026-04-17,post_peak,33,,1.0,0.9965,0.35,high,4.0,40.0,1000.0,0.3,False,33.0,34.1,33.0,1.0,1.0,-0.7833333333333332,highest-temperature-in-tel-aviv-on-april-17-2026-33c,Will the highest temperature in Tel Aviv be 33°C on April 17?,7546.28081,18040.999803000006,"Max so far is 33.0°C which occurred at 10:00-10:20, and temperatures have been steadily falling since then (now 25°C). The peak window is past and cooling trend is established. Market is pricing 33°C bucket at 99.65% but this is essentially certain now.","[""very_small_edge"", ""already_highly_priced""]",,,,
2026-04-17T11:51:25.239927+00:00,Munich,2026-04-17,golden_hour,19,20,0.737,0.25,48.7,high,2.5,25.0,1000.0,1.475,True,19.0,19.2,19.2,0.393,0.737,2.166666666666666,highest-temperature-in-munich-on-april-17-2026-18c,Will the highest temperature in Munich be 18°C on April 17?,79933.92781,9817.250149999996,"Perfect golden hour setup: METAR rising steadily (+1°C/hour), current temp 19°C matches model's top bucket, peak forecast at 17:00 (3.7h away) at 19.2°C. Combined top-2 buckets (19°+20°) at 73.7% vs market pricing 19° at 25%.","[""Airport location 28.5km away"", ""Sigma at 1.475 near threshold""]",,,,
2026-04-17T11:51:25.241436+00:00,London,2026-04-17,golden_hour,18,17,0.694,0.59,10.4,medium,1.5,15.0,1000.0,1.0,True,16.0,17.6,17.6,0.363,0.694,2.1833333333333336,highest-temperature-in-london-on-april-17-2026-17c,Will the highest temperature in London be 17°C on April 17?,724.7549,17155.73839999998,METAR shows steady warming from 12°C to 16°C over the morning with peak forecast at 15:00 still 3+ hours ahead. Model predicts 17.6°C with sigma=1.0 giving 69.4% combined probability for adjacent 17-18°C buckets. Market pricing 18°C at 59% offers modest edge.,"[""Cloud thickening noted in commentary may cap warming"", ""Current temperature at 16\u00b0C needs 1.6\u00b0C rise to reach model prediction""]",,,,
2026-04-17T11:51:25.242763+00:00,Paris,2026-04-17,golden_hour,20,19,0.585,0.13,45.0,high,3.0,30.0,1000.0,1.4000000000000004,True,19.0,20.0,20.0,0.328,0.585,2.1833333333333336,highest-temperature-in-paris-on-april-17-2026-22c,Will the highest temperature in Paris be 22°C on April 17?,281.2314,18518.790597999992,"Perfect golden hour setup: METAR shows steady warming from 18°C at 12:00 to 19°C currently, model predicts 20°C peak at 15:00, and market severely underprices 20° bucket at 13% vs model's 32.8%. Combined top-2 adjacent buckets (19° + 20°) give 58.5% coverage with massive edge.","[""Urban heat island could push actual peak above model forecast"", ""Sigma at 1.4 approaching comfort threshold""]",,,,
2026-04-17T11:51:25.243819+00:00,Jeddah,2026-04-17,post_peak,41,,0.501,0.9945,-49.4,high,4.0,40.0,1000.0,0.8850000000000003,True,41,39.7,41.3,0.501,0.9,-1.833333333333334,highest-temperature-in-jeddah-on-april-17-2026-41c,Will the highest temperature in Jeddah be 41°C on April 17?,3766.75357,10522.337728,"Max so far is 41°C reached at 12:00, and hourly forecast shows cooling trend ahead with temps dropping to 36.4°C. The 41°C bucket should settle YES but market is severely overpriced at 99.45%. This is a clear BUY NO opportunity on massive mispricing.","[""Market liquidity concentrated in wrong direction"", ""Potential for late afternoon spike despite forecast""]",,,,
2026-04-17T11:51:25.244702+00:00,Istanbul,2026-04-17,post_peak,12,,0.557,0.9,-34.3,low,0,0.0,1000.0,0.7,True,12.0,11.7,12.3,0.557,0.9520000000000001,-0.8166666666666664,highest-temperature-in-istanbul-on-april-17-2026-11c,Will the highest temperature in Istanbul be 11°C on April 17?,56784.39738,12533.735623000006,"Max so far is 12°C which occurred at 14:20, and forecast shows declining temps ahead (11.2°C at 18:00). However, market is pricing 12°C bucket at 90% which is significantly higher than model's 55.7%, creating negative edge.","[""negative_edge"", ""overpriced_market"", ""forecast_shows_slight_warming_until_16h""]",,,,
2026-04-17T11:51:25.246123+00:00,Tel Aviv,2026-04-17,post_peak,33,,1.0,0.9965,0.35,high,4.0,40.0,1000.0,0.3,False,33.0,34.1,33.0,1.0,1.0,-0.8166666666666664,highest-temperature-in-tel-aviv-on-april-17-2026-33c,Will the highest temperature in Tel Aviv be 33°C on April 17?,7105.87074,18071.559803000007,Clear post-peak situation with max_so_far at 33.0°C matching the 33° bucket. METAR shows strong cooling trend from 33° peak at 10:00-10:20 down to 25° currently. Hourly forecast confirms continued cooling with no rebound expected.,"[""Very small edge at 0.35%"", ""Market already highly confident at 99.65%""]",,,,
2026-04-17T11:54:06.493310+00:00,Munich,2026-04-17,golden_hour,19,20,0.737,0.84,-10.3,low,0,0.0,1000.0,1.475,True,19.0,19.2,19.2,0.393,0.737,2.133333333333333,highest-temperature-in-munich-on-april-17-2026-18c,Will the highest temperature in Munich be 18°C on April 17?,79933.92781,9817.250149999996,"METAR shows strong monotonic warming from 6°C to 19°C with consistent +1°C/hour rate. Peak forecast at 17:00 with 19.2°C aligns with current 19°C reading. However, market is overpriced at 84% for 19°+20° buckets vs 73.7% model probability.","[""negative_edge"", ""market_overvaluation"", ""sigma_above_1.4""]",,,,
2026-04-17T11:54:06.494232+00:00,Paris,2026-04-17,golden_hour,20,19,0.585,0.14,44.5,high,3.0,30.0,1000.0,1.4000000000000004,True,19.0,20.0,20.0,0.328,0.585,2.133333333333333,highest-temperature-in-paris-on-april-17-2026-22c,Will the highest temperature in Paris be 22°C on April 17?,281.2314,18518.790597999992,"METAR shows steady warming from 18°C to 19°C in last hour, with forecast peak at 20°C at 15:00. Current 19°C reading matches model trajectory perfectly. Combined top-2 adjacent buckets (19° + 20°) have 58.5% probability but market prices 20° bucket at only 14%, creating massive 44.5% edge.","[""Urban heat island effect could push above 20.5\u00b0C"", ""Nearby stations showing 20\u00b0C already""]",,,,
2026-04-17T11:54:06.494711+00:00,London,2026-04-17,golden_hour,18,17,0.694,0.59,10.4,high,2.5,25.0,1000.0,1.0,True,16.0,17.6,17.6,0.363,0.694,2.133333333333333,highest-temperature-in-london-on-april-17-2026-17c,Will the highest temperature in London be 17°C on April 17?,724.7549,17155.73839999998,"METAR shows steady warming from 15°C at 11:00 to 16°C consistently through 12:20, with hourly forecast predicting peak at 17.6°C around 15:00. Combined top-2 adjacent buckets (17° and 18°) have 69.4% model probability vs market pricing of ~82% (59% + 23%), but the 18° bucket alone shows 13.9% edge with strong warming momentum.","[""cloud_thickening"", ""peak_timing_uncertainty""]",,,,
2026-04-17T11:54:06.495097+00:00,Jeddah,2026-04-17,post_peak,41,,0.501,0.995,-49.4,high,4.0,40.0,1000.0,0.8850000000000003,True,41,39.7,41.3,0.501,0.9,-1.8833333333333329,highest-temperature-in-jeddah-on-april-17-2026-41c,Will the highest temperature in Jeddah be 41°C on April 17?,3897.46179,10523.340736,"Max_so_far is 41°C reached at 12:00, and hourly forecast shows cooling trend ahead. The 41° bucket market is severely mispriced at 99.5% when it should settle YES with high confidence. This is a classic post-peak value capture.","[""BLDU weather phenomena could affect readings"", ""Single station settlement risk""]",,,,
2026-04-17T11:54:06.495379+00:00,Istanbul,2026-04-17,post_peak,12,,0.557,0.92,-36.3,low,0,0.0,1000.0,0.7,True,12.0,11.7,12.3,0.557,0.9520000000000001,-0.8499999999999996,highest-temperature-in-istanbul-on-april-17-2026-11c,Will the highest temperature in Istanbul be 11°C on April 17?,56784.39738,12533.735623000006,"Max so far is 12°C and METAR shows temperature peaked at 12°C at 14:20, but market is pricing 12°C bucket at 92% which offers negative edge. Post-peak strategy requires market mispricing.","[""negative_edge"", ""market_already_efficient"", ""small_forecast_upside""]",,,,
2026-04-17T11:54:06.495799+00:00,Tel Aviv,2026-04-17,post_peak,33,,1.0,0.9965,0.35,high,4.0,40.0,1000.0,0.3,False,33.0,34.1,33.0,1.0,1.0,-0.8666666666666671,highest-temperature-in-tel-aviv-on-april-17-2026-33c,Will the highest temperature in Tel Aviv be 33°C on April 17?,7105.87074,18071.559803000007,Max observed temperature of 33.0°C at 10:00-10:20 with clear cooling trend since then. Current temp has dropped 8°C from peak and forecast shows continued cooling. The 33° bucket is nearly certain to be the settlement value.,"[""Small edge of only 0.35%"", ""Market already pricing near certainty""]",,,,
2026-04-17T11:56:28.611354+00:00,Munich,2026-04-17,golden_hour,19,20,0.737,0.25,48.7,high,2.5,25.0,1000.0,1.475,True,19.0,19.2,19.2,0.393,0.737,2.083333333333334,highest-temperature-in-munich-on-april-17-2026-18c,Will the highest temperature in Munich be 18°C on April 17?,79862.5295,9886.660149999996,"Perfect golden hour setup: METAR rising monotonically from 18→19°C in last hour, current temp 19.0°C matches model prediction of 19.2°C. Peak forecast at 17:00 gives 3.5h runway. Combined 19°+20° buckets at 73.7% model probability vs 25% market price on 19° bucket.","[""Airport distance 28.5km may cause divergence"", ""Sigma 1.475 slightly elevated""]",,,,
2026-04-17T11:56:28.612401+00:00,London,2026-04-17,golden_hour,18,17,0.694,0.6,9.4,medium,2.0,20.0,1000.0,1.0,True,16.0,17.6,17.6,0.363,0.694,2.0999999999999996,highest-temperature-in-london-on-april-17-2026-17c,Will the highest temperature in London be 17°C on April 17?,523.6047,17163.73839999998,"METAR shows steady warming from 15°C at 11:00 to 16°C at 12:00-12:20, tracking toward model's 17.6°C peak at 15:00. Combined top-2 buckets (17° and 18°) have 69.4% probability with strong edge on 18° bucket (36% vs 60% market price seems inverted - taking model prob over apparent market mispricing).","[""Market pricing appears inverted with 18\u00b0 bucket priced higher than model suggests"", ""Cloud thickening could cap warming potential""]",,,,
2026-04-17T11:56:28.612987+00:00,Paris,2026-04-17,golden_hour,20,19,0.585,0.18,40.5,medium,2.0,20.0,1000.0,1.4000000000000004,True,19.0,20.0,20.0,0.328,0.585,2.0999999999999996,highest-temperature-in-paris-on-april-17-2026-22c,Will the highest temperature in Paris be 22°C on April 17?,323.8686,18524.970597999993,"METAR shows steady warming from 18°C at 12:00 to 19°C currently, with hourly forecast predicting peak at 20°C around 15:00. Combined top-2 adjacent buckets (19° + 20°) have 58.5% probability while 20° bucket is only priced at 18% - massive edge.","[""sigma at 1.4 is close to threshold"", ""temperature has plateaued at 19\u00b0C for last 3 readings""]",,,,
2026-04-17T11:56:28.613540+00:00,Jeddah,2026-04-17,post_peak,41,,0.501,0.01,49.1,high,4.0,40.0,1000.0,0.8850000000000003,True,41,39.7,41.3,0.501,0.9,-1.916666666666666,highest-temperature-in-jeddah-on-april-17-2026-41c,Will the highest temperature in Jeddah be 41°C on April 17?,3897.46179,10523.340736,"Max_so_far is 41°C reached at 12:00, and METAR shows cooling trend since then (41→39→40). The model gives 41° bucket 50.1% probability while market prices it at only 1%. This is classic post-peak value capture.","[""BLDU weather phenomenon may affect measurement accuracy"", ""Settlement based on Wunderground vs METAR discrepancy""]",,,,
2026-04-17T11:56:28.613861+00:00,Istanbul,2026-04-17,post_peak,12,,0.557,0.92,-36.3,low,0,0.0,1000.0,0.7,True,12.0,11.7,12.3,0.557,0.9520000000000001,-0.9000000000000004,highest-temperature-in-istanbul-on-april-17-2026-11c,Will the highest temperature in Istanbul be 11°C on April 17?,56784.07614,12533.735623000006,"METAR shows current temp at 12°C matching max_so_far, and hourly forecast shows peak likely at 16:00 (11.7°C). However, market is pricing 12°C bucket at 92% which offers negative edge despite post-peak timing.","[""negative_edge"", ""market_overpriced"", ""forecast_shows_slight_additional_warming""]",,,,
2026-04-17T11:56:28.614566+00:00,Tel Aviv,2026-04-17,post_peak,33,,1.0,0.9965,0.35,high,4.0,40.0,1000.0,0.3,False,33.0,34.1,33.0,1.0,1.0,-0.9000000000000004,highest-temperature-in-tel-aviv-on-april-17-2026-33c,Will the highest temperature in Tel Aviv be 33°C on April 17?,7095.4564,18072.651986000008,"Classic post-peak capture scenario. Max observed was 33.0°C at 10:00/10:20, temperatures have been steadily falling for 4+ hours to current 25°C. Peak window is definitively past, and hourly forecast shows continued cooling. Market still pricing at 99.65% despite settlement being locked in.","[""Very small edge margin"", ""Already highly priced market""]",,,,
2026-04-17T11:58:53.437685+00:00,Munich,2026-04-17,golden_hour,19,20,0.737,0.25,48.7,high,2.5,25.0,1000.0,1.475,True,19.0,19.2,19.2,0.393,0.737,2.0500000000000007,highest-temperature-in-munich-on-april-17-2026-18c,Will the highest temperature in Munich be 18°C on April 17?,79862.5295,9886.660149999996,"METAR shows perfect monotonic warming (+1°C/hour last 3 readings) from 17°→18°→19°, exactly tracking model prediction toward 19.2° peak at 17:00. Combined top-2 buckets (19°+20°) give 73.7% coverage with massive 48.7% edge vs market pricing of 25%.","[""Airport distance 28.5km"", ""Sigma at 1.475 near threshold""]",,,,
2026-04-17T11:58:53.438844+00:00,London,2026-04-17,golden_hour,17,18,0.694,0.23,46.4,high,2.5,25.0,1000.0,1.0,True,16.0,17.6,17.6,0.363,0.694,2.0500000000000007,highest-temperature-in-london-on-april-17-2026-17c,Will the highest temperature in London be 17°C on April 17?,523.6047,17163.73839999998,METAR shows steady warming from 11°C to 16°C over past 12 hours with current temp at 16°C. Model predicts 17.6°C peak at 15:00 (3+ hours away) with sigma=1.0. Combined top-2 adjacent buckets (17° + 18°) have 69.4% probability vs market pricing of ~23% for 17° bucket alone.,"[""clouds thickening"", ""peak still 3+ hours away""]",,,,
2026-04-17T11:58:53.439266+00:00,Paris,2026-04-17,golden_hour,20,19,0.585,0.56,2.5,medium,2.0,20.0,1000.0,1.4000000000000004,True,19.0,20.0,20.0,0.328,0.585,2.0500000000000007,highest-temperature-in-paris-on-april-17-2026-22c,Will the highest temperature in Paris be 22°C on April 17?,323.8686,18524.970597999993,"METAR shows steady warming from 9°C to 19°C with peak forecast at 15:00-16:00 still 2-3 hours away. Network stations show Paris/Orly already at 20°C, indicating the model's 20°C prediction is achievable. Combined top-2 adjacent buckets (19° + 20°) offer 58.5% probability coverage.","[""sigma=1.4 slightly elevated"", ""current temp stagnant at 19\u00b0C for 90 minutes"", ""market pricing appears efficient with modest edge""]",,,,
2026-04-17T11:58:53.439604+00:00,Jeddah,2026-04-17,post_peak,41,,0.501,0.005,49.6,high,4.0,40.0,1000.0,0.8850000000000003,True,41,39.7,41.3,0.501,0.9,-1.9499999999999993,highest-temperature-in-jeddah-on-april-17-2026-41c,Will the highest temperature in Jeddah be 41°C on April 17?,3897.46179,10523.340736,"Max so far is 41°C reached at 12:00, and the METAR sequence shows temperatures have plateaued/declined since (40°C at 14:00, 39°C at 13:10-13:00). The hourly forecast shows continued cooling into evening. Market is severely mispricing the 41°C bucket at 0.5% when settlement is highly likely.","[""BLDU weather phenomenon could affect measurements"", ""Single station dependency for Wunderground settlement""]",,,,
2026-04-17T11:58:53.439894+00:00,Istanbul,2026-04-17,post_peak,12,,0.557,0.92,-36.3,low,0,0.0,1000.0,0.7,True,12.0,11.7,12.3,0.557,0.9520000000000001,-0.9333333333333336,highest-temperature-in-istanbul-on-april-17-2026-11c,Will the highest temperature in Istanbul be 11°C on April 17?,56784.07614,12533.735623000006,"Max so far is 12°C and METAR shows temperatures have plateaued at 12°C since 14:20. However, the market is already pricing 12°C bucket at 92%, leaving no edge opportunity.","[""Market already efficiently priced"", ""No positive edge available"", ""Hourly forecast shows potential for slight increase to 11.7\u00b0C at 16:00""]",,,,
2026-04-17T11:58:53.440352+00:00,Tel Aviv,2026-04-17,post_peak,33,,1.0,0.9965,0.35,high,4.0,40.0,1000.0,0.3,False,33.0,34.1,33.0,1.0,1.0,-0.9499999999999993,highest-temperature-in-tel-aviv-on-april-17-2026-33c,Will the highest temperature in Tel Aviv be 33°C on April 17?,7095.4564,18072.651986000008,"Post-peak capture scenario: max_so_far is 33.0°C reached at 10:00/10:20, temperatures have been steadily falling for 4+ hours to current 25°C. The daily peak is clearly established with 66% post-peak accuracy from backtesting.","[""Small edge margin"", ""High market price already""]",,,,
2026-04-17T12:01:50.591045+00:00,Munich,2026-04-17,golden_hour,19,20,0.737,0.25,48.7,high,2.5,25.0,1000.0,1.475,True,19.0,19.2,19.2,0.393,0.737,2.0166666666666675,highest-temperature-in-munich-on-april-17-2026-18c,Will the highest temperature in Munich be 18°C on April 17?,80114.51656,9982.460149999995,"Perfect golden hour setup: METAR rising monotonically (+1°C/hour recently), sigma 1.475 is acceptable, current 19°C matches model's top bucket exactly. Combined 19° + 20° buckets at 73.7% vs market pricing both at ~25% each creates massive 48.7% edge.","[""Airport location 28.5km away may cool faster"", ""Sigma slightly above ideal threshold of 1.5""]",,,,
2026-04-17T12:01:50.592483+00:00,London,2026-04-17,golden_hour,18,17,0.694,0.6,9.4,medium,2.0,20.0,1000.0,1.0,True,16.0,17.6,17.6,0.363,0.694,2.0166666666666675,highest-temperature-in-london-on-april-17-2026-16c,Will the highest temperature in London be 16°C on April 17?,103900.91551,18150.54801799999,"METAR shows steady warming from 15°C at 11:00 to 16°C by 12:00-12:20, matching the hourly forecast trajectory toward 17.6°C peak at 15:00. Combined 18°+17° buckets at 69.4% model probability vs market pricing 18° at 60% creates modest but positive edge.","[""Stagnant temperature trend last 3 readings"", ""Cloud thickening could cap warming""]",,,,
2026-04-17T12:01:50.593298+00:00,Paris,2026-04-17,golden_hour,20,19,0.585,0.275,31.0,high,2.5,25.0,1000.0,1.4000000000000004,True,19.0,20.0,20.0,0.328,0.585,2.0166666666666675,highest-temperature-in-paris-on-april-17-2026-22c,Will the highest temperature in Paris be 22°C on April 17?,323.8686,18524.970597999993,METAR shows steady warming from 18°C to 19°C over past 3 hours with sigma at 1.4. Peak window is 15:00-17:00 (2-4h away) and hourly forecast shows 20°C at 15:00. Combined top-2 adjacent buckets (19°+20°) have 58.5% probability vs market pricing around 27.5%.,"[""temperature has plateaued at 19\u00b0C for 90 minutes"", ""nearby stations showing 1\u00b0C spread""]",,,,
2026-04-17T12:01:50.595036+00:00,Istanbul,2026-04-17,post_peak,12,,0.557,0.95,-39.3,low,0,0.0,1000.0,0.7,True,12.0,11.7,12.3,0.557,0.9520000000000001,-0.9833333333333325,highest-temperature-in-istanbul-on-april-17-2026-11c,Will the highest temperature in Istanbul be 11°C on April 17?,56854.52855,12533.735623000006,"Max so far is 12°C matching the top bucket, but market is already pricing 12°C at 95% which is overpriced vs model's 55.7%. The METAR shows temp peaked at 12°C around 14:20-15:00 and hourly forecast shows declining temps ahead.","[""Market severely overpricing 12\u00b0C bucket"", ""Negative edge of -39%"", ""Adjacent 13\u00b0C bucket still possible with forecast showing 11.7\u00b0C potential""]",,,,
2026-04-17T12:01:50.595413+00:00,Tel Aviv,2026-04-17,post_peak,33,,1.0,0.9965,0.35,high,4.0,40.0,1000.0,0.3,False,33.0,34.1,33.0,1.0,1.0,-0.9833333333333325,highest-temperature-in-tel-aviv-on-april-17-2026-33c,Will the highest temperature in Tel Aviv be 33°C on April 17?,7099.74402,18145.291986000007,"Clear post-peak scenario with max_so_far at 33.0°C matching the 33° bucket. Temperature peaked at 10:00-10:20 and has been falling steadily for 4+ hours. Current temp is 25°C, down 8°C from peak, with hourly forecast showing continued cooling.","[""Minimal edge at 0.35%"", ""DU weather phenomena present""]",,,,
2026-04-17T12:04:31.022114+00:00,London,2026-04-17,golden_hour,18,17,0.412,0.64,-22.8,low,0,0.0,1000.0,1.0,True,17.0,17.6,17.6,0.412,0.788,1.9666666666666668,highest-temperature-in-london-on-april-17-2026-16c,Will the highest temperature in London be 16°C on April 17?,103900.91551,18150.54801799999,"SKIP - Market is pricing 18°C at 64% while model shows 41.2%, indicating negative edge. METAR shows steady warming from 17°C at 13:00 but hourly forecast peaks at only 17.6°C at 15:00, making 18°C bucket unlikely.","[""negative_edge"", ""market_overpricing"", ""peak_forecast_below_bucket""]",,,,
2026-04-17T12:04:31.022628+00:00,Paris,2026-04-17,golden_hour,20,21,0.441,0.11,33.1,high,2.5,25.0,1000.0,1.4000000000000004,True,20.0,20.0,20.0,0.441,0.786,1.9666666666666668,highest-temperature-in-paris-on-april-17-2026-19c,Will the highest temperature in Paris be 19°C on April 17?,10264.18684,20271.466926000005,"Perfect golden hour setup: METAR shows steady warming from 18°C to 20°C in last 2 hours, model predicts 20.0°C peak at 15:00 (2h away), and combined top-2 buckets (20°+21°) have 78.6% probability. Market severely underpricing 20° bucket at 11% vs model's 44%.","[""Urban heat island effect could push slightly higher"", ""Peak timing uncertainty within 1-2 hours""]",,,,
2026-04-17T12:04:31.022998+00:00,Munich,2026-04-17,golden_hour,19,20,0.737,0.25,48.7,high,2.5,25.0,1000.0,1.475,True,19.0,19.2,19.2,0.393,0.737,1.9666666666666668,highest-temperature-in-munich-on-april-17-2026-18c,Will the highest temperature in Munich be 18°C on April 17?,88026.76256,9982.460149999995,"Perfect golden hour setup: METAR shows consistent warming from 18°C to 19°C in last hour, peak forecast at 17:00 with 19.2°C. Combined top-2 adjacent buckets (19° and 20°) have 73.7% model probability vs market pricing at ~25% each, creating massive 48.7% edge.","[""Airport location 28.5km away may have different microclimate"", ""Sigma at 1.475 is close to upper threshold""]",,,,
2026-04-17T12:04:31.023255+00:00,Istanbul,2026-04-17,post_peak,12,,0.557,0.94,-38.3,low,0,0.0,1000.0,0.7,True,12.0,11.7,12.3,0.557,0.9520000000000001,-1.0333333333333332,highest-temperature-in-istanbul-on-april-17-2026-11c,Will the highest temperature in Istanbul be 11°C on April 17?,57278.85854,12533.735623000006,"Max so far is 12°C and we're in post-peak mode, but the market is pricing 12°C at 94% which eliminates any edge. The METAR shows temperature has plateaued at 12°C since 14:20, suggesting peak has been reached.","[""Market already efficiently priced"", ""No profitable edge available"", ""High market price leaves no value""]",,,,
2026-04-17T12:04:31.023447+00:00,Tel Aviv,2026-04-17,post_peak,33,,1.0,0.9965,0.35,high,4.0,40.0,1000.0,0.3,False,33.0,34.1,33.0,1.0,1.0,-1.0333333333333332,highest-temperature-in-tel-aviv-on-april-17-2026-33c,Will the highest temperature in Tel Aviv be 33°C on April 17?,7099.74402,18145.291986000007,"Max so far is 33.0°C reached at 10:00-10:20, and temperatures have been declining for 4+ hours (25°C current vs 33°C peak). Hourly forecast shows continued cooling. This is a classic post-peak capture scenario where the settlement value is locked in.","[""Low edge percentage"", ""Market already highly confident""]",,,,
2026-04-17T12:07:16.547882+00:00,Milan,2026-04-17,golden_hour,23,24,0.531,0.13,40.1,high,2.5,25.0,1000.0,1.0,True,23.0,23.1,23.1,0.531,0.899,2.916666666666666,highest-temperature-in-milan-on-april-17-2026-22c,Will the highest temperature in Milan be 22°C on April 17?,95028.30294,13746.852927999997,"METAR shows strong warming trend from 22°C at 13:00 to 23°C at 14:00, exactly tracking model's 23.1°C prediction. Model forecasts peak at 16:00 with 23.1°C, and current 23°C matches model's top bucket. Market severely underpricing 23°C bucket at 13% vs model's 53%.","[""Airport distance may cause temp variations"", ""Peak window is 16:00, only 2h away""]",,,,
2026-04-17T12:07:16.548529+00:00,London,2026-04-17,golden_hour,18,17,0.412,0.64,-22.8,low,0,0.0,1000.0,1.0,True,17.0,17.6,17.6,0.412,0.788,1.916666666666666,highest-temperature-in-london-on-april-17-2026-16c,Will the highest temperature in London be 16°C on April 17?,103900.91551,18150.54801799999,"SKIP - Despite golden hour timing and rising METAR sequence (steady +1°C/hour warming from 13°C to 17°C), the 18° bucket market is severely overpriced at 64% vs model 41.2%. Negative edge of -22.8% makes this a losing trade.","[""Market severely overpriced"", ""Negative edge"", ""Peak forecast only 17.6\u00b0C makes 18\u00b0 bucket marginal""]",,,,
2026-04-17T12:07:16.548937+00:00,Paris,2026-04-17,golden_hour,20,21,0.441,0.11,33.1,high,2.5,25.0,1000.0,1.4000000000000004,True,20.0,20.0,20.0,0.441,0.786,1.916666666666666,highest-temperature-in-paris-on-april-17-2026-19c,Will the highest temperature in Paris be 19°C on April 17?,10264.18684,20271.466926000005,"Perfect golden hour setup: METAR rising monotonically from 18°C to 20°C over last 3 hours, exactly hitting model prediction. Current temp matches DEB forecast of 20°C with sigma 1.4. Combined top-2 adjacent buckets (20°+21°) at 78.6% model probability vs massive market mispricing at 11% for 20° bucket.","[""Urban heat island could push slightly higher"", ""Peak window still 2-3 hours ahead""]",,,,
2026-04-17T12:07:16.549122+00:00,Munich,2026-04-17,golden_hour,19,20,0.737,0.25,48.7,high,2.5,25.0,1000.0,1.475,True,19.0,19.2,19.2,0.393,0.737,1.916666666666666,highest-temperature-in-munich-on-april-17-2026-18c,Will the highest temperature in Munich be 18°C on April 17?,88026.76256,9982.460149999995,"Current temp is 19°C matching the 19° bucket, with steady warming from 18° since 12:20. Model predicts peak at 17:00 reaching 19.2°C with top-2 adjacent buckets at 73.7% combined probability. Market severely underpricing at 25% vs model's 39.3% for 19° bucket alone.","[""Airport distance risk (28.5km)"", ""Sigma slightly elevated at 1.475""]",,,,
2026-04-17T12:07:16.549275+00:00,Istanbul,2026-04-17,post_peak,12,,0.557,0.96,-40.3,low,0,0.0,1000.0,0.7,True,12.0,11.7,12.3,0.557,0.9520000000000001,-1.083333333333334,highest-temperature-in-istanbul-on-april-17-2026-11c,Will the highest temperature in Istanbul be 11°C on April 17?,57278.85854,12533.735623000006,"Max so far is 12°C matching the settlement bucket, but market is already pricing 12° at 96% which eliminates any edge. The hourly forecast shows potential for slight warming to 11.7°C at 16:00 but unlikely to reach 12.5° threshold for next bucket.","[""Market already efficient at 96%"", ""No meaningful edge available"", ""Temperature may have already peaked""]",,,,
2026-04-17T12:07:16.549440+00:00,Tel Aviv,2026-04-17,post_peak,33,,1.0,0.9965,0.35,high,4.0,40.0,1000.0,0.3,False,33.0,34.1,33.0,1.0,1.0,-1.083333333333334,highest-temperature-in-tel-aviv-on-april-17-2026-33c,Will the highest temperature in Tel Aviv be 33°C on April 17?,7099.74402,18145.291986000007,"Max so far is 33.0°C reached at 10:00-10:20, and temperatures have been steadily declining for 4+ hours (now at 25°C). The peak is clearly past and 33°C bucket should settle YES. Market is pricing at 99.65% but this is essentially certain.","[""Very small edge due to high market price"", ""DU weather phenomenon present""]",,,,
2026-04-17T12:10:21.318002+00:00,Milan,2026-04-17,golden_hour,23,24,0.531,0.14,39.1,high,3.0,30.0,1000.0,1.0,True,23.0,23.1,23.1,0.531,0.899,2.866666666666667,highest-temperature-in-milan-on-april-17-2026-22c,Will the highest temperature in Milan be 22°C on April 17?,102410.07649,13800.632927999997,"Perfect golden hour setup: METAR shows steady warming from 18°C at 09:00 to 23°C now, with model predicting peak at 23.1°C in 2 hours. Market severely underpricing 23° bucket at 14% vs model's 53%. Adjacent buckets 23°+24° cover 90% probability space.","[""Airport distance 49km may cause station divergence"", ""Market liquidity appears limited despite large total volume""]",,,,
2026-04-17T12:10:21.319277+00:00,London,2026-04-17,golden_hour,18,17,0.412,0.64,-22.8,low,0,0.0,1000.0,1.0,True,17.0,17.6,17.6,0.412,0.788,1.8666666666666671,highest-temperature-in-london-on-april-17-2026-16c,Will the highest temperature in London be 16°C on April 17?,117576.95575,21456.96801799999,"SKIP - Market is overpriced at 64% vs model 41.2%. Despite strong warming trend (+4°C since morning) and peak window approaching at 15:00, the negative edge is too large to justify entry.","[""Market severely overpriced"", ""Peak temperature uncertainty with sigma 1.0"", ""Only 3 hours until predicted peak""]",,,,
2026-04-17T12:10:21.320263+00:00,Munich,2026-04-17,golden_hour,19,20,0.737,0.77,-3.3,medium,2.0,20.0,1000.0,1.475,True,19.0,19.2,19.2,0.393,0.737,1.8666666666666671,highest-temperature-in-munich-on-april-17-2026-22corhigher,Will the highest temperature in Munich be 22°C or higher on April 17?,2160.24427,10125.736094,METAR shows steady warming from 18°C to 19°C over last 2 hours with peak forecast at 17:00 (19.2°C). Combined 19-20 buckets have 73.7% model probability. Current temp at 19°C suggests we're near but not past peak.,"[""Airport location 28.5km away creates settlement risk"", ""Model sigma at 1.475 is borderline high"", ""Limited liquidity on individual bucket markets""]",,,,
2026-04-17T12:10:21.320476+00:00,Cape Town,2026-04-17,post_peak,16,,0.747,0.9965,-24.95,high,4.0,40.0,1000.0,0.3,True,16,14.9,16.3,0.747,1.0,-0.15000000000000036,highest-temperature-in-cape-town-on-april-17-2026-16c,Will the highest temperature in Cape Town be 16°C on April 17?,3009.34849,9473.602632,"Max so far is 16°C reached at 09:00, and temps have been flat/falling since with rain present. Current settlement source shows 16°C bucket. Market is overpricing at 99.65% vs model 74.7%, creating a BUY NO opportunity on mispriced certainty.","[""Market extremely overconfident"", ""Rain suppressing further warming""]",,,,
2026-04-17T12:10:21.320659+00:00,Istanbul,2026-04-17,post_peak,12,,0.557,0.92,-36.3,low,0,0.0,1000.0,0.7,True,12.0,11.7,12.3,0.557,0.9520000000000001,-1.1333333333333329,highest-temperature-in-istanbul-on-april-17-2026-11c,Will the highest temperature in Istanbul be 11°C on April 17?,52246.06466,12533.735623000006,"METAR shows peak at 12°C reached at 14:20-15:00, and hourly forecast predicts decline after 17:00. However, market is already pricing 12° bucket at 92%, leaving negative edge despite post-peak timing.","[""negative_edge"", ""market_already_efficient"", ""limited_upside""]",,,,
2026-04-17T12:10:21.320830+00:00,Tel Aviv,2026-04-17,post_peak,33,,1.0,0.9965,0.35,high,4.0,40.0,1000.0,0.3,False,33.0,34.1,33.0,1.0,1.0,-1.1333333333333329,highest-temperature-in-tel-aviv-on-april-17-2026-33c,Will the highest temperature in Tel Aviv be 33°C on April 17?,7097.75209,18145.291986000007,"Max_so_far is 33.0°C reached at 10:20 and 10:00, temperatures have been falling steadily since then (now 25°C). The peak has clearly passed 4+ hours ago and settlement bucket is locked at 33°C. Market still pricing slight uncertainty at 99.65%.","[""Very small edge"", ""Market already highly efficient""]",,,,
2026-04-17T12:12:51.027981+00:00,Milan,2026-04-17,golden_hour,23,24,0.531,0.14,39.1,high,2.5,25.0,1000.0,1.0,True,23.0,23.1,23.1,0.531,0.899,2.8166666666666664,highest-temperature-in-milan-on-april-17-2026-22c,Will the highest temperature in Milan be 22°C on April 17?,102410.07649,13800.632927999997,"METAR shows steady warming from 19°C at 10:00 to 23°C currently, with peak window at 16:00 still ahead. Model predicts 23.1°C with sigma=1.0, giving 53% to 23° bucket. Market severely underpricing at 14% vs model 53%, creating massive 39% edge.","[""Airport 49km from city center"", ""Model sigma at 1.0 near threshold""]",,,,
2026-04-17T12:12:51.029021+00:00,London,2026-04-17,golden_hour,18,17,0.412,0.63,-21.8,low,0,0.0,1000.0,1.0,True,17.0,17.6,17.6,0.412,0.788,1.833333333333334,highest-temperature-in-london-on-april-17-2026-16c,Will the highest temperature in London be 16°C on April 17?,117576.95575,21456.96801799999,"Despite model favoring 18°C bucket at 41.2%, market is pricing it at 63% which creates negative edge. METAR shows steady warming from 12°C to 17°C but hourly forecast peaks at only 17.6°C at 15:00, suggesting 17°C bucket more likely than 18°C.","[""negative_edge"", ""market_overpricing_top_bucket"", ""forecast_peak_below_bucket_midpoint""]",,,,
2026-04-17T12:12:51.029719+00:00,Paris,2026-04-17,golden_hour,20,21,0.786,0.58,20.6,high,2.5,25.0,1000.0,1.4000000000000004,True,20.0,20.0,20.0,0.441,0.786,1.8166666666666664,highest-temperature-in-paris-on-april-17-2026-19c,Will the highest temperature in Paris be 19°C on April 17?,106032.88559,21410.006926000005,"Perfect golden hour setup: METAR shows steady warming from 18°C at noon to 20°C now, with model predicting 20°C peak at 15:00. Combined top-2 buckets (20° + 21°) have 78.6% probability vs market pricing around 58%, giving strong edge.","[""urban heat island effect could push toward 21\u00b0 bucket"", ""peak window still 2-3 hours away""]",,,,
2026-04-17T12:12:51.030314+00:00,Munich,2026-04-17,golden_hour,19,20,0.737,0.24,49.7,high,2.5,25.0,1000.0,1.475,True,19.0,19.2,19.2,0.393,0.737,1.8166666666666664,highest-temperature-in-munich-on-april-17-2026-22corhigher,Will the highest temperature in Munich be 22°C or higher on April 17?,2160.24427,10125.736094,"METAR shows steady warming from 18°C to 19°C over past hour, tracking perfectly toward model's 19.2°C peak at 17:00. Combined 19°+20° buckets at 73.7% model probability vs market pricing 19° at only 24% creates massive 49.7% edge.","[""airport_distance_risk"", ""sigma_at_threshold""]",,,,
2026-04-17T12:12:51.030712+00:00,Cape Town,2026-04-17,post_peak,16,,0.747,0.997,-25.0,low,0,0.0,1000.0,0.3,True,16,14.9,16.3,0.747,1.0,-0.18333333333333357,highest-temperature-in-cape-town-on-april-17-2026-16c,Will the highest temperature in Cape Town be 16°C on April 17?,3009.34849,9473.602632,"Post-peak analysis shows max_so_far is 16°C which occurred at 09:00, but market is pricing 16° bucket at 99.7% while model only gives 74.7%. This is a severe negative edge situation where market has overreacted.","[""Market severely overpriced at 99.7%"", ""Settlement anchor shows 17\u00b0C suggesting max may have been higher"", ""Rain present which can affect temperature readings""]",,,,
2026-04-17T12:12:51.031037+00:00,Istanbul,2026-04-17,post_peak,12,,0.557,0.89,-33.3,low,0,0.0,1000.0,0.7,True,12.0,11.7,12.3,0.557,0.9520000000000001,-1.166666666666666,highest-temperature-in-istanbul-on-april-17-2026-11c,Will the highest temperature in Istanbul be 11°C on April 17?,52246.06466,12533.735623000006,"SKIP - Market is pricing 12°C bucket at 89% while model shows 55.7%, creating negative edge of -33.3%. Max so far is 12.0°C which suggests settlement at 12°C bucket, but market has already priced this in.","[""Negative edge"", ""Market already efficient"", ""High price discovery complete""]",,,,
2026-04-17T12:12:51.031449+00:00,Tel Aviv,2026-04-17,post_peak,33,,1.0,0.9965,0.35,high,4.0,40.0,1000.0,0.3,False,33.0,34.1,33.0,1.0,1.0,-1.1833333333333336,highest-temperature-in-tel-aviv-on-april-17-2026-33c,Will the highest temperature in Tel Aviv be 33°C on April 17?,7097.75209,18145.291986000007,"Classic post-peak scenario: max_so_far is 33.0°C reached at 10:00-10:20, temperatures have been steadily declining since then (now 25°C). The market is priced at 99.65% but model shows 100% on the 33° bucket.","[""Edge is small at only 0.35%"", ""Market already pricing very high probability""]",,,,
2026-04-17T12:15:34.677602+00:00,Milan,2026-04-17,golden_hour,23,24,0.531,0.15,38.1,high,2.5,25.0,1000.0,1.0,True,23.0,23.1,23.1,0.531,0.899,2.7666666666666675,highest-temperature-in-milan-on-april-17-2026-22c,Will the highest temperature in Milan be 22°C on April 17?,102309.64702,13872.302927999997,"METAR shows steady warming from 22°C at 13:00 to 23°C at 14:00, matching model prediction of peak at 16:00. Current temp of 23.0°C is already in the settlement bucket, with model forecasting slight increase to 23.1°C. Market severely underpricing 23° bucket at 15% vs model's 53.1%.","[""Airport distance risk"", ""Sigma at 1.0 showing some uncertainty""]",,,,
2026-04-17T12:15:34.679502+00:00,London,2026-04-17,golden_hour,18,17,0.412,0.62,-20.8,low,0,0.0,1000.0,1.0,True,17.0,17.6,17.6,0.412,0.788,1.7833333333333332,highest-temperature-in-london-on-april-17-2026-16c,Will the highest temperature in London be 16°C on April 17?,121455.78784,21456.96801799999,"Market is pricing 18°C bucket at 62% while model shows 41.2% - negative edge of -20.8%. METAR shows steady warming from 12°C to 17°C but hourly forecast peaks at only 17.6°C at 15:00, making 18°C bucket unlikely.","[""Negative edge"", ""Market overpricing 18\u00b0C bucket"", ""Model peak 17.6\u00b0C below 18\u00b0C threshold""]",,,,
2026-04-17T12:15:34.680618+00:00,Munich,2026-04-17,golden_hour,19,20,0.737,0.24,49.7,high,2.5,25.0,1000.0,1.475,True,19.0,19.2,19.2,0.393,0.737,1.7833333333333332,highest-temperature-in-munich-on-april-17-2026-22corhigher,Will the highest temperature in Munich be 22°C or higher on April 17?,1801.40631,10165.896894,Strong golden hour setup: METAR shows steady warming from 18°C to 19°C over past hour with peak forecast at 17:00 still 3.5h away. Model predicts 19.2°C with combined 19°+20° bucket probability of 73.7% vs market pricing 19° at only 24%. Temperature is tracking exactly on model forecast trajectory.,"[""sigma slightly elevated at 1.475"", ""airport distance risk noted in context""]",,,,
2026-04-17T12:15:34.681373+00:00,Istanbul,2026-04-17,post_peak,12,,0.557,0.89,-33.3,low,0,0.0,1000.0,0.7,True,12.0,11.7,12.3,0.557,0.9520000000000001,-1.2166666666666668,highest-temperature-in-istanbul-on-april-17-2026-11c,Will the highest temperature in Istanbul be 11°C on April 17?,52246.06466,12533.735623000006,"Post-peak mode triggered but analysis shows severe negative edge. Max so far is 12°C matching settlement bucket, but market already prices 12° at 89% vs model's 55.7%. Market is ahead of our model.","[""Massive negative edge of -33%"", ""Market already fully pricing in 12\u00b0 outcome"", ""Hourly forecast shows potential for 11.7\u00b0 at 16:00""]",,,,
2026-04-17T12:15:34.682212+00:00,Tel Aviv,2026-04-17,post_peak,33,,1.0,0.9985,0.15,high,4.0,40.0,1000.0,0.3,False,33.0,34.1,33.0,1.0,1.0,-1.2166666666666668,highest-temperature-in-tel-aviv-on-april-17-2026-33c,Will the highest temperature in Tel Aviv be 33°C on April 17?,7080.4278,18162.311986000008,"Max_so_far is 33.0°C which occurred at 10:00-10:20, and temperatures have been declining steadily since then (now 25°C at 14:19). The hourly forecast shows continued cooling with no chance of exceeding 33°C. Settlement is effectively locked at 33°C bucket.","[""very_small_edge"", ""high_market_price""]",,,,
2026-04-17T12:18:09.783485+00:00,Milan,2026-04-17,golden_hour,23,24,0.531,0.15,38.1,high,2.5,25.0,1000.0,1.0,True,23.0,23.1,23.1,0.531,0.899,2.7333333333333325,highest-temperature-in-milan-on-april-17-2026-22c,Will the highest temperature in Milan be 22°C on April 17?,102309.64702,13872.302927999997,"METAR shows steady warming from 22°C at 13:00 to 23°C at 14:00, with forecast peak at 16:00 still 2 hours away. Model predicts 23.1°C with top-2 buckets (23° + 24°) at 89.9% combined probability while market severely underprices 23° bucket at only 15%.","[""Airport distance may affect settlement correlation"", ""Peak window still 2 hours out""]",,,,
2026-04-17T12:18:09.783705+00:00,London,2026-04-17,golden_hour,18,17,0.412,0.61,-19.8,low,0,0.0,1000.0,1.0,True,17.0,17.6,17.6,0.412,0.788,1.7333333333333325,highest-temperature-in-london-on-april-17-2026-16c,Will the highest temperature in London be 16°C on April 17?,121455.78784,21456.96801799999,"Market is pricing 18°C at 61% while model shows 41.2%, creating negative edge. Current temp is 17°C and rising but peak forecast is only 17.6°C, making 18°C bucket unlikely despite adjacency to model's peak.","[""negative_edge"", ""market_overpriced"", ""peak_forecast_below_bucket""]",,,,
2026-04-17T12:18:09.783801+00:00,Munich,2026-04-17,golden_hour,19,20,0.737,0.25,48.7,high,2.5,25.0,1000.0,1.475,True,19.0,19.2,19.2,0.393,0.737,1.7333333333333325,highest-temperature-in-munich-on-april-17-2026-22corhigher,Will the highest temperature in Munich be 22°C or higher on April 17?,1801.40631,10165.896894,"Strong golden hour setup with METAR rising monotonically from 18°C to 19°C in last 3 hours and model predicting peak at 17:00 (19.2°C). Combined 19°+20° buckets at 73.7% vs market pricing 19° at only 25%, giving massive 48.7% edge. Temperature still climbing toward forecast peak.","[""airport_distance_28km"", ""sigma_1.475_slightly_elevated""]",,,,
2026-04-17T12:18:09.783877+00:00,Cape Town,2026-04-17,post_peak,16,,0.747,0.9965,-24.95,high,4.0,40.0,1000.0,0.3,True,16,14.9,16.3,0.747,1.0,-0.2833333333333332,highest-temperature-in-cape-town-on-april-17-2026-16c,Will the highest temperature in Cape Town be 16°C on April 17?,3007.85849,9473.602632,Max so far is 16°C (reached at 09:00) and current temp has dropped to 13°C with rain present. METAR sequence shows clear cooling phase for 5+ hours. Settlement bucket is definitively 16°C but market is still priced at 99.65%.,"[""Market extremely overpriced"", ""Low liquidity on NO side""]",,,,
2026-04-17T12:18:09.783943+00:00,Istanbul,2026-04-17,post_peak,12,,0.557,0.9,-34.3,low,0,0.0,1000.0,0.7,True,12.0,11.7,12.3,0.557,0.9520000000000001,-1.2666666666666675,highest-temperature-in-istanbul-on-april-17-2026-11c,Will the highest temperature in Istanbul be 11°C on April 17?,52246.06466,12533.735623000006,"Max so far is 12°C and METAR shows flat temperatures at 12°C for last hour, suggesting peak reached. However, market is already pricing 12° bucket at 90%, leaving negative edge despite post-peak scenario.","[""Market already efficiently priced"", ""Negative expected value"", ""Hourly forecast shows potential for 11.7\u00b0C at 16:00""]",,,,
2026-04-17T12:18:09.784006+00:00,Tel Aviv,2026-04-17,post_peak,33,,1.0,0.9985,0.15,high,4.0,40.0,1000.0,0.3,False,33.0,34.1,33.0,1.0,1.0,-1.2666666666666675,highest-temperature-in-tel-aviv-on-april-17-2026-33c,Will the highest temperature in Tel Aviv be 33°C on April 17?,7080.4278,18162.311986000008,"Post-peak capture opportunity - max_so_far is 33.0°C matching the 33° bucket, temperatures have been declining since the 10:20-11:20 peak period, and hourly forecasts show continued cooling. Market is pricing at 99.85% but this should be near 100% given the temperature has already peaked and is falling.","[""Very small edge of only 0.15%"", ""Market already highly efficient at 99.85%""]",,,,
